,OBJECTID_1,OBJECTID,PLOT,Exposure,SITE,GPS,GPS_ID,water_depth,SCH_P,SCH_D,TYP_P,TYP_D,LAT,LONGITUDE,fetch,REI_projected,cost_distance,slope,speed_limit,SL_MJ
1,1,2,1,Unexposed,LIEC,Gray,116,0,1,7,0,0,46.09489,-84.001194,1074.041992,4176.898926,3.175497293,2.619873047,14,489.6196594
2,2,3,2,Unexposed,LIEC,Gray,117,35,0,0,0,0,46.094871,-84.001144,1074.041992,4176.898926,3.175497293,-0.510800064,14,489.6196594
3,3,4,3,Unexposed,LIEC,Gray,118,51,0,0,0,0,46.094965,-84.001113,1041.45105,4048.789551,3.174023867,-1.499248981,14,489.6196594
4,4,5,4,Unexposed,LIEC,Gray,119,56,1,6,0,0,46.095075,-84.001129,1074.041992,4176.898926,3.165177345,-1.499248981,14,489.6196594
5,5,6,5,Unexposed,LIEC,Gray,120,74,1,4,0,0,46.095166,-84.001194,1161.062988,4569.13916,3.160096645,0.815802455,14,489.6196594
6,6,7,6,Unexposed,LIEC,Gray,121,87,1,15,0,0,46.095242,-84.001211,1161.062988,4569.13916,3.15507102,0.815802455,14,489.6196594
7,7,8,7,Unexposed,LIEC,Gray,122,112,1,8,0,0,46.095323,-84.001182,1161.062988,4569.13916,3.15507102,0.815802455,14,489.6196594
8,8,9,8,Unexposed,LIEC,Gray,123,110,0,0,0,0,46.095436,-84.001179,1366.464966,5381.513184,3.151140451,0.675098896,14,489.6196594
9,9,10,9,Unexposed,LIEC,Gray,124,106,0,0,0,0,46.095528,-84.001179,1366.464966,5381.513184,3.147276402,0.675098896,14,489.6196594
10,10,11,10,Unexposed,LIEC,Gray,125,123,1,13,0,0,46.095618,-84.001152,1366.464966,5381.513184,3.143485069,0.675098896,14,489.6196594
11,11,12,11,Unexposed,LIEC,Gray,126,145,1,8,0,0,46.095703,-84.001156,1401.18396,5533.506348,3.139772415,0.516290069,14,489.6196594
12,12,13,1,Unexposed,LIEE,Gray,127,0,0,0,0,0,46.094943,-84.00082,1041.45105,4048.789551,3.177825451,-1.499248981,14,489.6196594
13,13,14,2,Unexposed,LIEE,Gray,128,52,0,0,0,0,46.095042,-84.000827,1041.45105,4048.789551,3.172828913,-1.499248981,14,489.6196594
14,14,15,3,Unexposed,LIEE,Gray,129,56,1,3,0,0,46.09514,-84.000826,1114.765991,4370.294434,3.168879032,-1.499248981,14,489.6196594
15,15,16,4,Unexposed,LIEE,Gray,130,103,1,3,0,0,46.095204,-84.000806,1114.765991,4370.294434,3.168879032,2.158278942,14,489.6196594
16,16,17,5,Unexposed,LIEE,Gray,131,114,0,0,0,0,46.095286,-84.000773,1114.765991,4370.294434,3.170011997,2.158278942,14,489.6196594
17,17,18,6,Unexposed,LIEE,Gray,132,123,1,5,0,0,46.09538,-84.00076,1114.765991,4370.294434,3.166244268,2.158278942,14,489.6196594
18,18,19,7,Unexposed,LIEE,Gray,133,137,1,9,0,0,46.09546,-84.000734,1384.745972,5487.007813,3.162550449,0.865484476,14,489.6196594
19,19,20,8,Unexposed,LIEE,Gray,134,160,1,8,0,0,46.095565,-84.000732,1384.745972,5487.007813,3.162550449,0.865484476,14,489.6196594
20,20,21,1,Unexposed,LIEW,Gray,135,0,0,0,0,0,46.094671,-84.00155,1048.453979,4061.697754,3.795473576,-2.255664825,14,489.6196594
21,21,22,2,Unexposed,LIEW,Gray,136,15,0,0,0,0,46.094745,-84.001594,1048.453979,4061.697754,3.17392087,5.00549078,14,489.6196594
22,22,23,3,Unexposed,LIEW,Gray,137,32,0,0,0,0,46.094842,-84.001593,1048.453979,4061.697754,3.168530941,5.00549078,14,489.6196594
23,23,24,4,Unexposed,LIEW,Gray,138,30,0,0,0,0,46.094929,-84.0016,1048.453979,4061.697754,3.163192272,0.765034854,14,489.6196594
24,24,25,5,Unexposed,LIEW,Gray,139,43,0,0,0,0,46.09501,-84.001607,1048.453979,4061.697754,3.163192272,0.765034854,14,489.6196594
25,25,26,6,Unexposed,LIEW,Gray,140,50,0,0,0,0,46.095092,-84.001607,1048.453979,4061.697754,3.157905102,0.765034854,14,489.6196594
26,26,27,7,Unexposed,LIEW,Gray,141,58,0,0,0,0,46.095187,-84.001615,1173.19397,4592.887695,3.149121046,0.51464504,14,489.6196594
27,27,28,8,Unexposed,LIEW,Gray,142,54,1,3,0,0,46.09527,-84.001611,1173.19397,4592.887695,3.143859625,0.51464504,14,489.6196594
28,28,29,9,Unexposed,LIEW,Gray,143,68,1,6,0,0,46.095356,-84.001613,1173.19397,4592.887695,3.143859625,0.51464504,14,489.6196594
29,29,30,10,Unexposed,LIEW,Gray,144,85,1,3,0,0,46.09544,-84.001619,1324.206055,5187.068848,3.138656378,0.51464504,14,489.6196594
30,30,31,11,Unexposed,LIEW,Gray,145,85,0,0,0,0,46.095521,-84.001579,1324.206055,5187.068848,3.137312889,0.501816213,14,489.6196594
31,31,32,12,Unexposed,LIEW,Gray,146,101,0,0,0,0,46.095605,-84.001533,1324.206055,5187.068848,3.133404732,0.501816213,14,489.6196594
32,32,33,13,Unexposed,LIEW,Gray,147,116,0,0,0,0,46.09569,-84.001512,1388.572998,5441.412598,3.133404732,0.501816213,14,489.6196594
33,33,34,14,Unexposed,LIEW,Gray,148,120,1,2,0,0,46.095784,-84.001496,1388.572998,5441.412598,3.129569054,0.516290069,14,489.6196594
34,34,35,15,Unexposed,LIEW,Gray,149,129,1,28,0,0,46.095874,-84.001484,1388.572998,5441.412598,3.125813484,0.516290069,14,489.6196594
35,35,36,16,Unexposed,LIEW,Gray,150,130,1,41,0,0,46.095964,-84.001511,1476.166992,5813.286133,3.122145176,0.408892393,14,489.6196594
36,36,1,1,Exposed,LIWC,Green,144,0,0,0,0,0,45.105204,-83.522297,2003.753052,10076.835,3.122145176,-2.72463,14,489.6196594
37,37,38,2,Exposed,LIWC,Green,145,65,0,0,0,0,46.093366,-84.006245,2003.753052,10076.835,2.934376955,-2.724634409,14,489.6196594
38,38,39,3,Exposed,LIWC,Green,146,72,0,0,0,0,46.093382,-84.00631,2033.109985,10281.51953,2.928618908,-4.849993706,14,489.6196594
39,39,40,4,Exposed,LIWC,Green,147,68,0,0,0,0,46.093422,-84.006342,2033.109985,10281.51953,2.928618908,2.663303852,14,489.6196594
40,40,41,5,Exposed,LIWC,Green,148,75,0,0,0,0,46.093455,-84.006409,2033.109985,10281.51953,2.928618908,2.663303852,14,489.6196594
41,41,42,6,Exposed,LIWC,Green,149,87,0,0,0,0,46.093476,-84.006458,2033.109985,10281.51953,2.920311213,2.663303852,14,489.6196594
42,42,43,7,Exposed,LIWC,Green,150,86,0,0,0,0,46.0935,-84.006511,2033.109985,10281.51953,2.920311213,2.663303852,14,489.6196594
43,43,44,8,Exposed,LIWC,Green,151,96,0,0,0,0,46.093522,-84.006556,2033.109985,10281.51953,2.920311213,2.663303852,14,489.6196594
44,44,45,9,Exposed,LIWC,Green,152,102,0,0,0,0,46.093541,-84.006605,2033.109985,10281.51953,2.914548635,2.663303852,14,489.6196594
45,45,46,10,Exposed,LIWC,Green,153,109,0,0,0,0,46.093554,-84.006654,2207.177979,10913.66309,2.914548635,2.663303852,14,489.6196594
46,46,47,1,Exposed,LIWN,Green,154,1,0,0,0,0,46.093609,-84.005981,2033.109985,10281.51953,2.93538475,-1.366686583,14,489.6196594
47,47,48,2,Exposed,LIWN,Green,155,52,0,0,0,0,46.093613,-84.006051,2033.109985,10281.51953,2.93538475,-1.366686583,14,489.6196594
48,48,49,3,Exposed,LIWN,Green,156,77,0,0,0,0,46.093614,-84.006124,2033.109985,10281.51953,2.929442167,-1.366686583,14,489.6196594
49,49,50,4,Exposed,LIWN,Green,157,79,0,0,0,0,46.093627,-84.006184,2033.109985,10281.51953,2.929442167,-1.366686583,14,489.6196594
50,50,51,5,Exposed,LIWN,Green,158,81,0,0,0,0,46.093623,-84.006227,2033.109985,10281.51953,2.929442167,-1.366686583,14,489.6196594
51,51,52,6,Exposed,LIWN,Green,159,85,0,0,0,0,46.093632,-84.006287,2033.109985,10281.51953,2.923624754,2.663303852,14,489.6196594
52,52,53,7,Exposed,LIWN,Green,160,90,0,0,0,0,46.093646,-84.006341,2033.109985,10281.51953,2.923624754,2.663303852,14,489.6196594
53,53,54,8,Exposed,LIWN,Green,161,98,0,0,0,0,46.093656,-84.00639,2024.515015,10297.90332,2.923624754,2.663303852,14,489.6196594
54,54,55,9,Exposed,LIWN,Green,162,102,0,0,0,0,46.093668,-84.006445,2024.515015,10297.90332,2.917819262,2.663303852,14,489.6196594
55,55,56,10,Exposed,LIWN,Green,163,104,0,0,0,0,46.093677,-84.006505,2024.515015,10297.90332,2.917819262,2.663303852,14,489.6196594
56,56,57,1,Exposed,LIWS,Gray,152,1,0,0,0,0,46.093126,-84.006416,2003.753052,10076.83594,2.933887005,0.339184642,14,489.6196594
57,57,58,2,Exposed,LIWS,Gray,153,60,0,0,0,0,46.093152,-84.00645,2003.753052,10076.83594,2.928203583,-4.849993706,14,489.6196594
58,58,59,3,Exposed,LIWS,Gray,154,83,0,0,0,0,46.093177,-84.006483,2003.753052,10076.83594,2.928203583,-4.849993706,14,489.6196594
59,59,60,4,Exposed,LIWS,Gray,155,75,0,0,0,0,46.093204,-84.006527,2003.753052,10076.83594,2.928203583,-4.849993706,14,489.6196594
60,60,61,5,Exposed,LIWS,Gray,156,85,0,0,0,0,46.093233,-84.006574,2003.753052,10076.83594,2.928203583,-4.849993706,14,489.6196594
61,61,62,6,Exposed,LIWS,Gray,157,107,0,0,0,0,46.093255,-84.006617,2003.753052,10076.83594,2.919804573,-4.849993706,14,489.6196594
62,62,63,7,Exposed,LIWS,Gray,158,93,0,0,0,0,46.093277,-84.006682,2156.434082,10669.53613,2.919804573,-4.849993706,14,489.6196594
63,63,64,8,Exposed,LIWS,Gray,159,84,0,0,0,0,46.093297,-84.006732,2156.434082,10669.53613,2.919804573,1.37623477,14,489.6196594
64,64,65,9,Exposed,LIWS,Gray,160,81,0,0,0,0,46.093329,-84.006791,2156.434082,10669.53613,2.914118528,1.37623477,14,489.6196594
65,65,66,10,Exposed,LIWS,Gray,161,101,0,0,0,0,46.093349,-84.006848,2156.434082,10669.53613,2.914118528,1.37623477,14,489.6196594
66,66,67,1,Exposed,KPES,Gray,1,0,0,0,0,0,46.23592503,-84.18182999,1668.728027,7557.156738,15.2629509,-2.38,10,249.805954
67,67,68,2,Exposed,KPES,Gray,2,26,0,0,0,0,46.23593702,-84.18177903,1386.911987,6180.929199,15.2629509,-2.38,10,249.805954
68,68,69,3,Exposed,KPES,Gray,3,42,0,0,0,0,46.23595596,-84.18171197,1386.911987,6180.929199,8.984558105,-2.38,10,249.805954
69,69,70,4,Exposed,KPES,Gray,4,65,0,0,0,0,46.23596803,-84.18165003,1386.911987,6180.929199,8.984558105,-2.38,10,249.805954
70,70,71,5,Exposed,KPES,Gray,5,61,0,0,0,0,46.23597901,-84.18159798,1386.911987,6180.929199,8.984558105,-2.38,10,249.805954
71,71,72,6,Exposed,KPES,Gray,6,65,0,0,0,0,46.23599502,-84.18152598,1386.911987,6180.929199,2.706163883,-2.38,10,249.805954
72,72,73,7,Exposed,KPES,Gray,7,72,0,0,0,0,46.236006,-84.18146202,1386.911987,6180.929199,2.706163883,-2.38,10,249.805954
73,73,74,8,Exposed,KPES,Gray,8,90,0,0,0,0,46.23601497,-84.18139899,1755.577026,7934.778809,2.706163883,-2.38,10,249.805954
74,74,75,9,Exposed,KPES,Gray,9,116,0,0,0,0,46.23601899,-84.18133403,1755.577026,7934.778809,2.698649645,-2.38,10,249.805954
75,75,76,10,Exposed,KPES,Gray,10,117,0,0,0,0,46.23603299,-84.18127301,1755.577026,7934.778809,2.698649645,-2.38,10,249.805954
76,76,77,11,Exposed,KPES,Gray,11,119,0,0,0,0,46.236049,-84.18121702,1755.577026,7934.778809,2.69248724,-2.38,10,249.805954
77,77,78,1,Exposed,KPEC,Gray,12,0,0,0,0,0,46.236336,-84.18176503,1229.953979,5378.62207,15.23377895,-3.05,10,249.805954
78,78,79,2,Exposed,KPEC,Gray,13,43,0,0,0,0,46.23634497,-84.18171398,1229.953979,5378.62207,15.23377895,-3.05,10,249.805954
79,79,80,3,Exposed,KPEC,Gray,14,49,0,0,0,0,46.23635301,-84.18164399,1229.953979,5378.62207,8.981004715,-3.05,10,249.805954
80,80,81,4,Exposed,KPEC,Gray,15,51,0,0,0,0,46.23636399,-84.18157702,1229.953979,5378.62207,8.955802917,-3.05,10,249.805954
81,81,82,5,Exposed,KPEC,Gray,16,60,0,0,0,0,46.23637598,-84.18151299,1229.953979,5378.62207,2.701867819,-3.05,10,249.805954
82,82,83,6,Exposed,KPEC,Gray,17,66,0,0,0,0,46.23638101,-84.18144803,1229.953979,5378.62207,2.701867819,-3.05,10,249.805954
83,83,84,7,Exposed,KPEC,Gray,18,80,0,0,0,0,46.23639702,-84.18139396,1683.219971,7614.142578,2.701867819,-3.05,10,249.805954
84,84,85,8,Exposed,KPEC,Gray,19,110,0,0,0,0,46.23639903,-84.181329,1683.219971,7614.142578,2.695617199,-3.05,10,249.805954
85,85,86,9,Exposed,KPEC,Gray,20,122,0,0,0,0,46.23641403,-84.18126999,1453.865967,6496.171875,2.695617199,-3.05,10,249.805954
86,86,87,1,Exposed,KPEN,Green,20,0,0,0,0,0,46.23677102,-84.18172496,1050.965942,4553.262695,2.770339012,-2.925,10,249.805954
87,87,88,2,Exposed,KPEN,Green,21,68,0,0,0,0,46.23677102,-84.18165699,1050.965942,4553.262695,2.707555056,-2.925,10,249.805954
88,88,89,3,Exposed,KPEN,Green,22,60,0,0,0,0,46.23677001,-84.18159102,1050.965942,4553.262695,2.707555056,-2.925,10,249.805954
89,89,90,4,Exposed,KPEN,Green,23,62,0,0,0,0,46.23678099,-84.18152397,1050.965942,4553.262695,2.707555056,-2.925,10,249.805954
90,90,91,5,Exposed,KPEN,Green,24,75,0,0,0,0,46.23680698,-84.18147502,1050.965942,4553.262695,2.701276779,-2.925,10,249.805954
91,91,92,6,Exposed,KPEN,Green,25,92,0,0,0,0,46.23681402,-84.18141701,1050.965942,4553.262695,2.701867819,-2.925,10,249.805954
92,92,93,7,Exposed,KPEN,Green,26,106,0,0,0,0,46.23682399,-84.18135096,1318.545044,5842.562988,2.695617199,-2.925,10,249.805954
93,93,94,8,Exposed,KPEN,Green,27,117,0,0,0,0,46.23514996,-84.18799496,2031.942993,10032.64941,18.32266426,-2.925,10,249.805954
94,94,95,1,Unexposed,KPWC,Green,30,0,0,0,1,13,46.23597398,-84.18735702,1675.626953,8378.851563,38.68854141,-0.833333333,10,249.805954
95,95,96,2,Unexposed,KPWC,Green,31,19,0,0,0,0,46.23594197,-84.18748199,1675.626953,8378.851563,32.41244507,-0.833,10,249.805954
96,96,97,3,Unexposed,KPWC,Green,32,32,0,0,0,0,46.23591003,-84.18760898,1675.626953,8378.851563,26.08672333,-0.833,10,249.805954
97,97,98,4,Unexposed,KPWC,Green,33,45,0,0,0,0,46.235876,-84.18772398,1849.703979,9227.84375,26.08672333,-0.833,10,249.805954
98,98,99,5,Unexposed,KPWC,Green,34,55,0,0,0,0,46.23584004,-84.187843,1849.703979,9227.84375,19.82311249,-0.833,10,249.805954
99,99,100,6,Unexposed,KPWC,Green,35,65,1,5,0,0,46.23581397,-84.18797099,1849.703979,9227.84375,13.5147171,-0.833,10,249.805954
100,100,101,7,Unexposed,KPWC,Green,36,72,1,7,0,0,46.23577701,-84.18809404,1969.972046,9773.269531,13.46182919,-0.833,10,249.805954
101,101,102,8,Unexposed,KPWC,Green,37,75,1,5,0,0,46.23574298,-84.18820702,2084.641113,10269.56836,13.46182919,-0.833,10,249.805954
102,102,103,9,Unexposed,KPWC,Green,38,71,1,14,0,0,46.23570099,-84.18831901,2084.641113,10269.56836,13.37930489,-0.833,10,249.805954
103,103,104,10,Unexposed,KPWC,Green,39,75,1,11,0,0,46.23566997,-84.188448,2084.641113,10269.56836,13.32457256,-0.833,10,249.805954
104,104,105,11,Unexposed,KPWC,Green,40,73,1,30,0,0,46.235631,-84.18855001,2191.741943,10687.91992,13.32457256,-0.833,10,249.805954
105,105,106,12,Unexposed,KPWC,Green,41,83,1,2,0,0,46.23559001,-84.18868898,2191.741943,10687.91992,13.26549149,-0.833,10,249.805954
106,106,107,13,Unexposed,KPWC,Green,42,89,1,2,0,0,46.235559,-84.18880298,2191.741943,10687.91992,13.26655579,-0.833,10,249.805954
107,107,108,14,Unexposed,KPWC,Green,43,80,1,9,0,0,46.23552798,-84.18892401,2253.176025,10878.24805,13.26795387,-0.833,10,249.805954
108,108,109,15,Unexposed,KPWC,Green,44,70,1,36,0,0,46.23549001,-84.18904798,2288.554932,10985.42676,13.26183414,-0.833,10,249.805954
109,109,110,16,Unexposed,KPWC,Green,45,125,1,33,0,0,46.23533998,-84.18963899,2415.677002,11345.41406,13.26363182,-0.833,10,249.805954
110,110,112,1,Unexposed,KPWN,Green,62,0,0,0,1,18,46.215498,-84.14982604,1833.968994,9167.748047,7.54889679,-0.66,14,489.6196899
111,111,113,2,Unexposed,KPWN,Green,61,25,0,0,0,0,46.23613399,-84.18728602,1833.968994,9167.748047,38.72613907,-0.66,10,249.805954
112,112,114,3,Unexposed,KPWN,Green,60,33,0,0,0,0,46.23611002,-84.18741602,1833.968994,9167.748047,38.72613907,-0.66,10,249.805954
113,113,115,4,Unexposed,KPWN,Green,59,53,0,0,0,0,46.23608303,-84.18753698,1833.968994,9167.748047,32.44786072,-0.66,10,249.805954
114,114,116,5,Unexposed,KPWN,Green,58,65,0,0,0,0,46.23605596,-84.18765298,1833.968994,9167.748047,26.13470459,-0.66,10,249.805954
115,115,117,6,Unexposed,KPWN,Green,57,66,1,18,0,0,46.23602796,-84.18777896,1833.968994,9167.748047,19.8564949,-0.66,10,249.805954
116,116,118,7,Unexposed,KPWN,Green,56,74,0,0,0,0,46.23599402,-84.18790301,1849.703979,9227.84375,19.8564949,-0.66,10,249.805954
117,117,119,8,Unexposed,KPWN,Green,55,76,0,0,0,0,46.23595898,-84.18801701,1849.703979,9227.84375,13.57818985,-0.66,10,249.805954
118,118,120,9,Unexposed,KPWN,Green,54,74,1,4,0,0,46.23592696,-84.18813997,1969.972046,9773.269531,13.49184418,-0.66,10,249.805954
119,119,121,10,Unexposed,KPWN,Green,53,75,1,28,0,0,46.23589301,-84.18826,1969.972046,9773.269531,13.43669891,-0.66,10,249.805954
120,120,122,11,Unexposed,KPWN,Green,52,79,1,9,0,0,46.23586502,-84.18838296,1969.972046,9773.269531,13.43669891,-0.66,10,249.805954
121,121,123,12,Unexposed,KPWN,Green,51,75,1,12,0,0,46.23583602,-84.18852302,2123.278076,10416.56836,13.35013103,-0.66,10,249.805954
122,122,124,13,Unexposed,KPWN,Green,50,70,1,1,0,0,46.23580903,-84.18864498,2123.278076,10416.56836,13.29278374,-0.66,10,249.805954
123,123,125,14,Unexposed,KPWN,Green,49,57,1,3,0,0,46.23578003,-84.18876702,2123.278076,10416.56836,13.27903461,-0.66,10,249.805954
124,124,126,15,Unexposed,KPWN,Green,48,85,1,12,0,0,46.23574398,-84.18888696,2253.176025,10878.24805,13.27275562,-0.66,10,249.805954
125,125,127,16,Unexposed,KPWN,Green,47,99,1,2,0,0,46.23572102,-84.18900096,2253.176025,10878.24805,13.27408981,-0.66,10,249.805954
126,126,128,1,Unexposed,KPWS,Gray,21,1,0,0,0,0,46.23562597,-84.18721201,1638.932007,8197.592773,41.42503357,-0.621428571,10,249.805954
127,127,129,2,Unexposed,KPWS,Gray,22,34,0,0,0,0,46.23561599,-84.18732902,1638.932007,8197.592773,35.43728638,-0.62143,10,249.805954
128,128,130,3,Unexposed,KPWS,Gray,23,40,0,0,0,0,46.23559001,-84.18744997,1638.932007,8197.592773,27.14929771,-0.62143,10,249.805954
129,129,131,4,Unexposed,KPWS,Gray,24,54,0,0,0,0,46.23558104,-84.18758601,1638.932007,8197.592773,27.14929771,-0.62143,10,249.805954
130,130,132,5,Unexposed,KPWS,Gray,25,60,0,0,0,0,46.23555103,-84.18770797,1913.031006,9505.833984,20.9783287,-0.62143,10,249.805954
131,131,133,6,Unexposed,KPWS,Gray,26,65,1,25,0,0,46.23554299,-84.18783001,1913.031006,9505.833984,14.82845402,-0.62143,10,249.805954
132,132,134,7,Unexposed,KPWS,Gray,27,70,1,8,0,0,46.23553402,-84.18796504,1913.031006,9505.833984,13.44163132,-0.62143,10,249.805954
133,133,135,8,Unexposed,KPWS,Gray,28,77,1,24,0,0,46.23552396,-84.18809596,2084.641113,10269.56836,13.44163132,-0.62143,10,249.805954
134,134,136,9,Unexposed,KPWS,Gray,29,77,1,14,0,0,46.23552103,-84.18822899,2084.641113,10269.56836,13.39756584,-0.62143,10,249.805954
135,135,137,10,Unexposed,KPWS,Gray,36,79,1,2,0,0,46.23544802,-84.18834801,2146.672119,10521.24805,13.32436466,-0.62143,10,249.805954
136,136,138,11,Unexposed,KPWS,Gray,30,85,0,0,0,0,46.23545498,-84.18846804,2257.962891,10926.63379,13.29375267,-0.62143,10,249.805954
137,137,139,12,Unexposed,KPWS,Gray,31,98,0,0,0,0,46.23541801,-84.18861799,2257.962891,10926.63379,13.25921249,-0.62143,10,249.805954
138,138,140,13,Unexposed,KPWS,Gray,32,98,0,0,0,0,46.23540703,-84.18874104,2257.962891,10926.63379,13.25921249,-0.62143,10,249.805954
139,139,141,14,Unexposed,KPWS,Gray,33,88,1,2,0,0,46.23539303,-84.18885704,2288.554932,10985.42676,13.25419712,-0.62143,10,249.805954
140,140,142,15,Unexposed,KPWS,Gray,35,68,1,10,0,0,46.23538499,-84.18899601,2288.554932,10985.42676,13.25572968,-0.62143,10,249.805954
141,141,143,1,Exposed,WPSS,Gray,37,4,0,0,0,0,46.21537596,-84.14979796,2189.87793,8968.152344,13.82728767,-2.254545455,14,489.6196899
142,142,144,2,Exposed,WPSS,Gray,38,59,0,0,0,0,46.21532902,-84.14981104,2189.87793,8968.152344,10.5730896,-2.25455,14,489.6196899
143,143,145,3,Exposed,WPSS,Gray,39,67,0,0,0,0,46.21528401,-84.14982797,2189.87793,8968.152344,10.5730896,-2.25455,14,489.6196899
144,144,146,4,Exposed,WPSS,Gray,40,86,0,0,0,0,46.21523699,-84.14984196,2189.87793,8968.152344,10.5730896,-2.25455,14,489.6196899
145,145,147,5,Exposed,WPSS,Gray,41,90,0,0,0,0,46.21519298,-84.149862,2189.87793,8968.152344,4.294695854,-23.35098648,14,489.6196899
146,146,148,6,Exposed,WPSS,Gray,42,83,0,0,0,0,46.21515099,-84.14987298,2189.87793,8968.152344,4.294695854,-23.35098648,14,489.6196899
147,147,149,7,Exposed,WPSS,Gray,43,83,0,0,0,0,46.21510103,-84.14988304,2189.87793,8968.152344,2.731375933,10.06746674,14,489.6196899
148,148,150,8,Exposed,WPSS,Gray,44,97,0,0,0,0,46.21507304,-84.14989896,2189.87793,8968.152344,2.731375933,10.06746674,14,489.6196899
149,149,151,9,Exposed,WPSS,Gray,45,104,0,0,0,0,46.21502199,-84.149906,2189.87793,8968.152344,2.731375933,10.06746674,14,489.6196899
150,150,152,10,Exposed,WPSS,Gray,46,112,0,0,0,0,46.21497497,-84.14990701,2189.87793,8968.152344,2.725146055,10.06746674,14,489.6196899
151,151,153,11,Exposed,WPSS,Gray,47,122,0,0,0,0,46.21491998,-84.14991296,2189.87793,8968.152344,2.725146055,10.06746674,14,489.6196899
152,152,154,12,Exposed,WPSS,Gray,48,128,0,0,0,0,46.21488897,-84.14990902,2189.87793,8968.152344,2.719453812,10.06746674,14,489.6196899
153,153,155,1,Exposed,WPSC,Green,63,0,0,0,0,0,46.21547897,-84.15004598,2378.666016,9795.402344,11.71281719,0.254678816,14,489.6196899
154,154,156,2,Exposed,WPSC,Green,64,11,0,0,0,0,46.21543799,-84.15006098,2378.666016,9795.402344,10.10146904,0.254678816,14,489.6196899
155,155,157,3,Exposed,WPSC,Green,65,45,0,0,0,0,46.21539096,-84.15007297,2378.666016,9795.402344,10.10146904,-23.35098648,14,489.6196899
156,156,158,4,Exposed,WPSC,Green,66,46,0,0,0,0,46.21534302,-84.15007297,2378.666016,9795.402344,7.689554214,-23.35098648,14,489.6196899
157,157,159,5,Exposed,WPSC,Green,67,55,0,0,0,0,46.215297,-84.15009099,2378.666016,9795.402344,7.689554214,-23.35098648,14,489.6196899
158,158,160,6,Exposed,WPSC,Green,68,80,0,0,0,0,46.21525199,-84.15010097,2378.666016,9795.402344,7.689554214,-23.35098648,14,489.6196899
159,159,161,7,Exposed,WPSC,Green,69,83,0,0,0,0,46.21521,-84.15011597,2378.666016,9795.402344,3.832996368,-23.35098648,14,489.6196899
160,160,162,8,Exposed,WPSC,Green,70,83,0,0,0,0,46.21516096,-84.15012703,2378.666016,9795.402344,3.832996368,-23.35098648,14,489.6196899
161,161,163,9,Exposed,WPSC,Green,71,85,0,0,0,0,46.21511604,-84.15013097,2378.666016,9795.402344,2.72579217,10.06746674,14,489.6196899
162,162,164,10,Exposed,WPSC,Green,72,86,0,0,0,0,46.21507597,-84.15014899,2378.666016,9795.402344,2.72579217,10.06746674,14,489.6196899
163,163,165,11,Exposed,WPSC,Green,73,98,0,0,0,0,46.21503096,-84.15015897,2378.666016,9795.402344,2.72579217,10.06746674,14,489.6196899
164,164,166,12,Exposed,WPSC,Green,74,110,0,0,0,0,46.21493599,-84.15018302,2378.666016,9795.402344,2.719969511,10.06746674,14,489.6196899
165,165,167,13,Exposed,WPSC,Green,76,118,0,0,0,0,46.21552901,-84.15030498,2378.666016,9795.402344,10.58323479,1.173431039,14,489.6196899
166,166,168,14,Exposed,WPSC,Green,75,125,0,0,0,0,46.21497799,-84.15016903,2210.489014,9072.026367,2.719969511,10.06746674,14,489.6196899
167,167,169,1,Exposed,WPSN,Green,77,15,0,0,0,0,46.21548501,-84.15032099,2210.489014,9072.026367,10.58323479,1.173431039,14,489.6196899
168,168,170,2,Exposed,WPSN,Green,78,75,0,0,0,0,46.21544503,-84.15034303,2210.489014,9072.026367,4.304841042,1.173431039,14,489.6196899
169,169,171,3,Exposed,WPSN,Green,79,54,0,0,0,0,46.21540203,-84.15035896,2210.489014,9072.026367,4.304841042,1.173431039,14,489.6196899
170,170,172,4,Exposed,WPSN,Green,80,59,0,0,0,0,46.21535601,-84.15036399,2210.489014,9072.026367,4.304841042,-5.627241135,14,489.6196899
171,171,173,5,Exposed,WPSN,Green,81,71,0,0,0,0,46.215311,-84.15037899,2210.489014,9072.026367,2.735243797,-5.627241135,14,489.6196899
172,172,174,6,Exposed,WPSN,Green,82,76,0,0,0,0,46.21527001,-84.15039098,2210.489014,9072.026367,2.73312068,-5.627241135,14,489.6196899
173,173,175,7,Exposed,WPSN,Green,83,78,0,0,0,0,46.21522299,-84.15040498,2210.489014,9072.026367,2.727165937,-5.627241135,14,489.6196899
174,174,176,8,Exposed,WPSN,Green,84,76,0,0,0,0,46.215181,-84.15041403,2210.489014,9072.026367,2.727165937,-5.627241135,14,489.6196899
175,175,177,9,Exposed,WPSN,Green,85,78,0,0,0,0,46.21513498,-84.150424,2210.489014,9072.026367,2.727165937,-5.627241135,14,489.6196899
176,176,178,10,Exposed,WPSN,Green,86,95,0,0,0,0,46.21509098,-84.15043398,2210.489014,9072.026367,2.721226215,1.613193154,14,489.6196899
177,177,179,11,Exposed,WPSN,Green,87,104,0,0,0,0,46.21504596,-84.15044202,2210.489014,9072.026367,2.721226215,1.613193154,14,489.6196899
178,178,180,12,Exposed,WPSN,Green,88,111,0,0,0,0,46.21808801,-84.14379702,2600.893066,10660.29102,4.531321526,1.613193154,14,489.6196899
179,179,181,2,Unexposed,WPEC,Green,91,1,0,0,0,0,46.22098002,-84.14719303,1560.325,5888.140137,31.47844315,0.143632039,14,489.6196899
180,180,182,3,Unexposed,WPEC,Green,92,20,0,0,0,0,46.22095898,-84.14706697,1560.324951,5888.140137,25.20005035,0.143632039,14,489.6196899
181,181,183,4,Unexposed,WPEC,Green,93,17,0,0,0,0,46.22093601,-84.14694702,1560.324951,5888.140137,18.92165565,0.143632039,14,489.6196899
182,182,184,5,Unexposed,WPEC,Green,94,22,0,0,0,0,46.22091204,-84.14682398,1560.324951,5888.140137,14.63488674,0.776229858,14,489.6196899
183,183,185,6,Unexposed,WPEC,Green,95,12,0,0,0,0,46.220891,-84.14669196,1782.417969,6757.725586,14.63488674,0.776229858,14,489.6196899
184,184,186,7,Unexposed,WPEC,Green,96,18,0,0,0,0,46.22088203,-84.14657101,1782.417969,6757.725586,8.680757523,0.776229858,14,489.6196899
185,185,187,8,Unexposed,WPEC,Green,97,25,0,0,0,0,46.22085898,-84.14644604,1782.417969,6757.725586,4.689344406,0.776229858,14,489.6196899
186,186,188,9,Unexposed,WPEC,Green,98,40,0,0,0,0,46.22083702,-84.14631897,1890.16394,7272.549805,4.686048985,0.776780307,14,489.6196899
187,187,189,10,Unexposed,WPEC,Green,99,70,1,17,0,0,46.22081498,-84.14619299,1890.16394,7272.549805,4.686048985,0.776780307,14,489.6196899
188,188,190,11,Unexposed,WPEC,Green,100,78,1,11,0,0,46.22080098,-84.14607103,1890.16394,7272.549805,4.683177471,0.776780307,14,489.6196899
189,189,191,12,Unexposed,WPEC,Green,101,73,0,0,0,0,46.22078103,-84.14594203,1984.151001,7747.742188,4.674736977,0.26391229,14,489.6196899
190,190,192,13,Unexposed,WPEC,Green,102,71,0,0,0,0,46.22075999,-84.14582301,1984.151001,7747.742188,4.67240715,0.26391229,14,489.6196899
191,191,193,14,Unexposed,WPEC,Green,103,73,0,0,0,0,46.22074298,-84.145706,1984.151001,7747.742188,4.670592308,0.26391229,14,489.6196899
192,192,194,15,Unexposed,WPEC,Green,104,65,0,0,0,0,46.22066603,-84.14532303,2083.771973,8234.670898,10.2810688,0.558366597,14,489.6196899
193,193,195,16,Unexposed,WPEC,Green,106,60,0,0,0,0,46.22092503,-84.14555697,2083.771973,8234.670898,4.683149338,0.309996754,14,489.6196899
194,194,196,15,Unexposed,WPEN,Green,107,65,0,0,0,0,46.22093299,-84.14568898,1974.072998,7707.409668,4.683149338,0.26391229,14,489.6196899
195,195,197,14,Unexposed,WPEN,Green,108,64,0,0,0,0,46.22093702,-84.14581002,1974.072998,7707.409668,5.86171627,0.26391229,14,489.6196899
196,196,198,13,Unexposed,WPEN,Green,109,65,0,0,0,0,46.22095797,-84.14594396,1974.072998,7707.409668,4.686911583,0.26391229,14,489.6196899
197,197,199,12,Unexposed,WPEN,Green,110,75,0,0,0,0,46.22095596,-84.14605896,1867.33606,7181.37793,4.689072609,0.776780307,14,489.6196899
198,198,200,11,Unexposed,WPEN,Green,111,80,0,0,0,0,46.22095998,-84.14617999,1867.33606,7181.37793,4.689072609,0.776780307,14,489.6196899
199,199,201,10,Unexposed,WPEN,Green,112,89,1,9,0,0,46.22095504,-84.14631402,1867.33606,7181.37793,4.691734791,0.776780307,14,489.6196899
200,200,202,9,Unexposed,WPEN,Green,113,65,1,18,0,0,46.22095797,-84.146439,1802.791016,6853.937012,4.694815636,0.776229858,14,489.6196899
201,201,203,8,Unexposed,WPEN,Green,114,46,0,0,0,0,46.22096803,-84.14658098,1802.791016,6853.937012,6.364868164,0.776229858,14,489.6196899
202,202,204,7,Unexposed,WPEN,Green,115,30,0,0,0,0,46.220992,-84.14670504,1802.791016,6853.937012,12.64326286,0.560976803,14,489.6196899
203,203,205,6,Unexposed,WPEN,Green,116,22,0,0,0,0,46.22101103,-84.14682096,1676.454956,6328.801758,12.64326286,0.560976803,14,489.6196899
204,204,206,5,Unexposed,WPEN,Green,117,21,0,0,0,0,46.22102302,-84.14695197,1676.454956,6328.801758,18.92165565,0.244898304,14,489.6196899
205,205,207,4,Unexposed,WPEN,Green,118,20,0,0,0,0,46.22102997,-84.14707996,1676.454956,6328.801758,25.20005035,0.244898304,14,489.6196899
206,206,208,3,Unexposed,WPEN,Green,119,19,0,0,0,0,46.22104598,-84.14719798,1676.454956,6328.801758,31.50026703,0.244898304,14,489.6196899
207,207,209,2,Unexposed,WPEN,Green,120,21,0,0,0,0,46.22106501,-84.14732798,1676.454956,6328.801758,37.59770966,0.465818346,14,489.6196899
208,208,210,1,Unexposed,WPEN,Green,121,0,0,0,0,0,46.22091103,-84.14736603,1676.454956,6328.801758,39.02126694,0.317954034,14,489.6196899
209,209,211,1,Unexposed,WPES,Gray,49,0,0,0,0,0,46.220804,-84.14739897,1560.324951,5888.140137,40.970047,0.317954034,14,489.6196899
210,210,212,2,Unexposed,WPES,Gray,50,20,0,0,0,0,46.220775,-84.14730501,1560.324951,5888.140137,35.00175476,0.317954034,14,489.6196899
211,211,213,3,Unexposed,WPES,Gray,51,19,0,0,0,0,46.22075597,-84.14715699,1560.324951,5888.140137,29.09565353,0.143632039,14,489.6196899
212,212,214,4,Unexposed,WPES,Gray,52,20,0,0,0,0,46.22073099,-84.147029,1560.324951,5888.140137,29.09565353,0.143632039,14,489.6196899
213,213,215,5,Unexposed,WPES,Gray,53,21,0,0,0,0,46.22070299,-84.14690604,1560.324951,5888.140137,23.2718544,0.187771708,14,489.6196899
214,214,216,6,Unexposed,WPES,Gray,54,23,0,0,0,0,46.22068699,-84.14677402,1782.417969,6757.725586,21.07706261,0.59819454,14,489.6196899
215,215,217,7,Unexposed,WPES,Gray,55,34,0,0,0,0,46.220676,-84.14664703,1786.001953,6759.043457,15.87641621,0.59819454,14,489.6196899
216,216,218,8,Unexposed,WPES,Gray,56,37,0,0,0,0,46.22066402,-84.14652399,1786.001953,6759.043457,10.43831635,0.59819454,14,489.6196899
217,217,219,9,Unexposed,WPES,Gray,57,67,0,0,0,0,46.22065396,-84.14638703,1889.33606,7265.335938,10.43831635,0.572991014,14,489.6196899
218,218,220,10,Unexposed,WPES,Gray,58,78,1,15,0,0,46.22062697,-84.14627697,1889.33606,7265.335938,4.674965858,0.572991014,14,489.6196899
219,219,221,11,Unexposed,WPES,Gray,59,68,1,47,0,0,46.22060099,-84.14615502,1889.33606,7265.335938,4.671770096,0.572991014,14,489.6196899
220,220,222,12,Unexposed,WPES,Gray,60,64,1,5,0,0,46.22058196,-84.14601998,1990.602051,7762.151855,4.668907166,0.692291439,14,489.6196899
221,221,223,13,Unexposed,WPES,Gray,61,60,0,0,0,0,46.22056101,-84.145879,1990.602051,7762.151855,4.666396141,0.692291439,14,489.6196899
222,222,224,14,Unexposed,WPES,Gray,62,61,0,0,0,0,46.22054701,-84.14574699,1990.602051,7762.151855,4.660473824,0.692291439,14,489.6196899
223,223,225,15,Unexposed,WPES,Gray,63,61,0,0,0,0,46.22053301,-84.14562101,2083.810059,8228.698242,4.65822506,0.558366597,14,489.6196899
224,224,226,1,Exposed,SIWN,Gray,64,0,0,0,0,0,46.302458,-84.209401,799.0479736,3898.886719,10.91563416,0.605455935,10,249.805954
225,225,227,2,Exposed,SIWN,Gray,65,42,0,0,0,0,46.302469,-84.209497,799.0479736,3898.886719,4.940400124,0.605455935,10,249.805954
226,226,228,3,Exposed,SIWN,Gray,66,25,0,0,0,0,46.302465,-84.20956,799.0479736,3898.886719,4.940400124,0.605455935,10,249.805954
227,227,229,4,Exposed,SIWN,Gray,67,32,0,0,0,0,46.302489,-84.209605,819.8880005,3965.927979,8.11992836,0.86221087,10,249.805954
228,228,230,5,Exposed,SIWN,Gray,68,36,0,0,0,0,46.302502,-84.209671,819.8880005,3965.927979,2.706163883,-2.58,10,249.805954
229,229,231,6,Exposed,SIWN,Gray,69,45,0,0,0,0,46.302514,-84.209744,819.8880005,3965.927979,2.706163883,-2.58,10,249.805954
230,230,232,7,Exposed,SIWN,Gray,70,54,0,0,0,0,46.302517,-84.209804,819.8880005,3965.927979,2.700031281,-2.58,10,249.805954
231,231,233,8,Exposed,SIWN,Gray,71,81,0,0,0,0,46.30253,-84.209874,819.8880005,3965.927979,2.700031281,-2.58,10,249.805954
232,232,234,9,Exposed,SIWN,Gray,72,82,0,0,0,0,46.302537,-84.209939,819.8880005,3965.927979,2.700031281,-2.58,10,249.805954
233,233,235,10,Exposed,SIWN,Gray,73,104,0,0,0,0,46.30254,-84.210003,828.8519897,3983.174316,2.693906784,-2.58,10,249.805954
234,234,236,11,Exposed,SIWN,Gray,74,129,0,0,0,0,46.302542,-84.21007,828.8519897,3983.174316,2.693906784,-2.58,10,249.805954
235,235,237,1,Exposed,SIWC,Gray,75,1,0,0,0,0,46.302222,-84.209818,821.4689941,3975.765625,2.696434259,4.284404755,10,249.805954
236,236,238,2,Exposed,SIWC,Gray,76,14,0,0,0,0,46.302235,-84.20988,821.4689941,3975.765625,2.696434259,4.284404755,10,249.805954
237,237,239,3,Exposed,SIWC,Gray,77,50,0,0,0,0,46.302235,-84.209944,821.4689941,3975.765625,2.696434259,4.284404755,10,249.805954
238,238,240,4,Exposed,SIWC,Gray,78,94,0,0,0,0,46.302235,-84.210019,826.5570068,3981.519531,2.69020915,4.284404755,10,249.805954
239,239,241,5,Exposed,SIWC,Gray,79,121,0,0,0,0,46.302229,-84.210075,826.5570068,3981.519531,2.69020915,4.284404755,10,249.805954
240,240,242,1,Exposed,SIWS,Gray,80,0,0,0,0,0,46.301911,-84.209843,832.8179932,3995.137939,2.694630146,17.48821449,10,249.805954
241,241,243,2,Exposed,SIWS,Gray,81,42,0,0,0,0,46.301908,-84.209925,832.8179932,3995.137939,2.694630146,17.48821449,10,249.805954
242,242,244,3,Exposed,SIWS,Gray,82,73,0,0,0,0,46.30192,-84.209998,850.2260132,4047.920166,2.68835187,17.48821449,10,249.805954
243,243,245,4,Exposed,SIWS,Gray,83,106,0,0,0,0,46.301878,-84.210064,850.2260132,4047.920166,2.68835187,-3.625,10,249.805954
244,244,246,5,Exposed,SIWS,Gray,84,124,0,0,0,0,46.301851,-84.210083,850.2260132,4047.920166,2.68835187,-3.625,10,249.805954
245,245,247,6,Exposed,SIWS,Gray,85,135,0,0,0,0,46.301839,-84.210175,850.2260132,4047.920166,2.682073355,-3.625,10,249.805954
246,246,248,7,Exposed,SIWS,Gray,86,146,0,0,0,0,46.301834,-84.21026,850.2260132,4047.920166,2.682073355,-3.625,10,249.805954
247,247,249,8,Exposed,SIWS,Gray,87,145,0,0,0,0,46.301788,-84.210294,850.2260132,4047.920166,2.682475805,-3.625,10,249.805954
248,248,250,9,Exposed,SIWS,Gray,88,145,0,0,0,0,46.301741,-84.210336,850.2260132,4047.920166,2.676210403,-3.625,10,249.805954
249,249,251,1,Unexposed,SIES,Gray,89,24,0,0,1,33,46.301075,-84.205513,850.2260132,4047.920166,28.75598335,0.069035448,10,249.805954
250,250,252,2,Unexposed,SIES,Gray,90,37,0,0,1,22,46.300982,-84.205432,850.2260132,4047.920166,20.95752525,0.139698207,10,249.805954
251,251,253,3,Unexposed,SIES,Gray,91,29,0,0,1,25,46.300903,-84.205425,850.2260132,4047.920166,18.25313187,0.139698207,10,249.805954
252,252,254,4,Unexposed,SIES,Gray,92,29,0,0,1,24,46.300848,-84.205331,317.6740112,1398.186279,18.25313187,0.288723618,10,249.805954
253,253,255,5,Unexposed,SIES,Gray,93,53,0,0,0,0,46.300773,-84.205202,317.6740112,1398.186279,9.714370728,0.288723618,10,249.805954
254,254,256,6,Unexposed,SIES,Gray,94,79,0,0,0,0,46.30072,-84.205117,566.7999878,2684.079102,5.251763344,0.345463604,10,249.805954
255,255,257,7,Unexposed,SIES,Gray,95,89,0,0,0,0,46.300645,-84.205032,566.7999878,2684.079102,3.037133455,0.345463604,10,249.805954
256,256,258,8,Unexposed,SIES,Gray,96,95,0,0,0,0,46.300576,-84.20494,603.7990112,2845.250244,3.038384914,0.345463604,10,249.805954
257,257,259,9,Unexposed,SIES,Gray,97,111,0,0,0,0,46.300529,-84.204851,603.7990112,2845.250244,3.032232523,0.345463604,10,249.805954
258,258,260,10,Unexposed,SIEC,Gray,98,104,0,0,0,0,46.300803,-84.204733,435.3160095,1957.202148,3.052403688,0.345463604,10,249.805954
259,259,261,9,Unexposed,SIEC,Gray,99,101,0,0,0,0,46.300851,-84.204854,435.3160095,1957.202148,3.050941706,0.345463604,10,249.805954
260,260,263,7,Unexposed,SIEC,Gray,101,67,0,0,0,0,46.300949,-84.205039,317.6740112,1398.186279,9.280721664,0.288723618,10,249.805954
261,261,264,6,Unexposed,SIEC,Gray,102,35,0,0,1,16,46.300994,-84.205137,317.6740112,1398.186279,15.29144192,0.288723618,10,249.805954
262,262,265,5,Unexposed,SIEC,Gray,103,35,0,0,1,37,46.301044,-84.205254,207.4380035,868.6532593,17.21677971,0.134228334,10,249.805954
263,263,266,4,Unexposed,SIEC,Gray,104,32,0,0,1,8,46.301076,-84.205344,207.4380035,868.6532593,23.11341858,0.134228334,10,249.805954
264,264,267,3,Unexposed,SIEC,Gray,105,38,0,0,1,31,46.301125,-84.205438,207.4380035,868.6532593,23.11341858,0.069035448,10,249.805954
265,265,268,2,Unexposed,SIEC,Gray,106,25,0,0,1,31,46.301185,-84.205519,207.4380035,868.6532593,31.31007385,0.069035448,10,249.805954
266,266,269,1,Unexposed,SIEC,Gray,107,20,0,0,1,21,46.301238,-84.205622,207.4380035,868.6532593,36.85488892,0.069035448,10,249.805954
267,267,270,1,Unexposed,SIEN,Gray,108,50,0,0,1,8,46.301394,-84.205313,191.9830017,797.9469604,28.1429615,0.103709728,10,249.805954
268,268,271,2,Unexposed,SIEN,Gray,109,45,0,0,1,21,46.301349,-84.205189,191.9830017,797.9469604,21.48040962,0.103709728,10,249.805954
269,269,272,3,Unexposed,SIEN,Gray,110,20,0,0,1,31,46.301292,-84.205097,191.9830017,797.9469604,15.43140125,0.103709728,10,249.805954
270,270,273,4,Unexposed,SIEN,Gray,111,57,0,0,0,0,46.301244,-84.205011,207.4380035,868.6532593,15.43140125,0.134228334,10,249.805954
271,271,274,5,Unexposed,SIEN,Gray,112,72,0,0,0,0,46.301196,-84.204881,322.0880127,1400.36499,8.47410202,0.477346867,10,249.805954
272,272,275,6,Unexposed,SIEN,Gray,113,76,0,0,0,0,46.30115,-84.204804,322.0880127,1400.36499,8.47410202,0.477346867,10,249.805954
273,273,276,7,Unexposed,SIEN,Gray,114,89,0,0,0,0,46.301092,-84.204707,322.0880127,1400.36499,3.064819813,0.477346867,10,249.805954
274,274,277,8,Unexposed,SIEN,Gray,115,106,0,0,0,0,46.301077,-84.204656,322.0880127,1400.36499,3.064819813,0.477346867,10,249.805954
